epi_week,dengue_fever,dengue_haemorrhagic_fever,total_dengue_cases
2012-W01,74,0,74
2012-W02,64,2,66
2012-W03,60,1,61
2012-W04,50,2,52
2012-W05,84,1,85
2012-W06,87,0,87
2012-W07,65,0,65
2012-W08,50,1,51
2012-W09,55,0,55
2012-W10,45,1,46
2012-W11,64,0,64
2012-W12,72,1,73
2012-W13,48,0,48
2012-W14,52,0,52
2012-W15,81,1,82
2012-W16,77,0,77
2012-W17,64,0,64
2012-W18,86,2,88
2012-W19,96,1,97
2012-W20,80,0,80
2012-W21,80,0,80
2012-W22,81,0,81
2012-W23,99,1,100
2012-W24,87,1,88
2012-W25,128,1,129
2012-W26,151,0,151
2012-W27,140,0,140
2012-W28,131,1,132
2012-W29,124,1,125
2012-W30,110,0,110
2012-W31,94,0,94
2012-W32,127,0,127
2012-W33,115,0,115
2012-W34,92,0,92
2012-W35,102,0,102
2012-W36,75,1,76
2012-W37,73,1,74
2012-W38,72,0,72
2012-W39,99,1,100
2012-W40,103,1,104
2012-W41,122,1,123
2012-W42,105,0,105
2012-W43,84,0,84
2012-W44,104,0,104
2012-W45,99,1,100
2012-W46,87,1,88
2012-W47,99,1,100
2012-W48,80,0,80
2012-W49,78,0,78
2012-W50,104,1,105
2012-W51,92,2,94
2012-W52,111,1,112
2013-W01,132,2,134
2013-W02,204,1,205
2013-W03,219,0,219
2013-W04,264,3,267
2013-W05,292,1,293
2013-W06,322,0,322
2013-W07,246,1,247
2013-W08,294,2,296
2013-W09,247,2,249
2013-W10,272,1,273
2013-W11,307,1,308
2013-W12,305,2,307
2013-W13,314,2,316
2013-W14,402,4,406
2013-W15,491,1,492
2013-W16,505,4,509
2013-W17,536,2,538
2013-W18,547,0,547
2013-W19,556,2,558
2013-W20,611,0,611
2013-W21,637,3,640
2013-W22,742,4,746
2013-W23,813,1,814
2013-W24,805,4,809
2013-W25,838,4,842
2013-W26,802,4,806
2013-W27,676,2,678
2013-W28,540,1,541
2013-W29,389,1,390
2013-W30,305,1,306
2013-W31,288,1,289
2013-W32,255,1,256
2013-W33,378,0,378
2013-W34,338,3,341
2013-W35,382,4,386
2013-W36,449,3,452
2013-W37,337,2,339
2013-W38,370,6,376
2013-W39,402,4,406
2013-W40,439,2,441
2013-W41,435,3,438
2013-W42,371,3,374
2013-W43,495,0,495
2013-W44,457,1,458
2013-W45,401,1,402
2013-W46,442,2,444
2013-W47,365,0,365
2013-W48,372,0,372
2013-W49,347,0,347
2013-W50,380,1,381
2013-W51,371,0,371
2013-W52,414,0,414
2014-W01,436,1,437
2014-W02,479,0,479
2014-W03,401,0,401
2014-W04,336,0,336
2014-W05,234,0,234
2014-W06,273,1,274
2014-W07,369,0,369
2014-W08,193,1,194
2014-W09,186,1,187
2014-W10,209,1,210
2014-W11,224,1,225
2014-W12,210,0,210
2014-W13,225,0,225
2014-W14,240,0,240
2014-W15,244,1,245
2014-W16,235,0,235
2014-W17,282,0,282
2014-W18,251,0,251
2014-W19,261,0,261
2014-W20,291,0,291
2014-W21,427,1,428
2014-W22,456,0,456
2014-W23,458,1,459
2014-W24,506,0,506
2014-W25,550,1,551
2014-W26,671,0,671
2014-W27,888,3,891
2014-W28,818,1,819
2014-W29,744,2,746
2014-W30,633,1,634
2014-W31,484,0,484
2014-W32,545,0,545
2014-W33,438,0,438
2014-W34,418,0,418
2014-W35,367,0,367
2014-W36,339,0,339
2014-W37,362,0,362
2014-W38,396,1,397
2014-W39,344,1,345
2014-W40,339,0,339
2014-W41,278,0,278
2014-W42,297,0,297
2014-W43,213,0,213
2014-W44,186,0,186
2014-W45,168,1,169
2014-W46,158,0,158
2014-W47,149,0,149
2014-W48,162,0,162
2014-W49,212,0,212
2014-W50,177,0,177
2014-W51,198,0,198
2014-W52,188,0,188
2014-W53,158,0,158
2015-W01,256,1,257
2015-W02,228,0,228
2015-W03,237,0,237
2015-W04,259,0,259
2015-W05,212,0,212
2015-W06,173,0,173
2015-W07,99,1,100
2015-W08,172,0,172
2015-W09,189,1,190
2015-W10,110,0,110
2015-W11,91,0,91
2015-W12,129,1,130
2015-W13,90,1,91
2015-W14,107,0,107
2015-W15,137,0,137
2015-W16,113,0,113
2015-W17,120,0,120
2015-W18,135,0,135
2015-W19,157,1,158
2015-W20,109,0,109
2015-W21,178,2,180
2015-W22,151,1,152
2015-W23,192,1,193
2015-W24,207,0,207
2015-W25,240,0,240
2015-W26,242,0,242
2015-W27,272,0,272
2015-W28,263,0,263
2015-W29,293,0,293
2015-W30,250,0,250
2015-W31,226,0,226
2015-W32,221,0,221
2015-W33,250,0,250
2015-W34,225,0,225
2015-W35,246,0,246
2015-W36,217,0,217
2015-W37,303,0,303
2015-W38,214,0,214
2015-W39,257,0,257
2015-W40,235,0,235
2015-W41,235,0,235
2015-W42,224,0,224
2015-W43,246,0,246
2015-W44,266,0,266
2015-W45,198,0,198
2015-W46,254,0,254
2015-W47,285,1,286
2015-W48,259,0,259
2015-W49,356,1,357
2015-W50,333,0,333
2015-W51,372,0,372
2015-W52,458,0,458
2016-W01,549,0,549
2016-W02,628,0,628
2016-W03,635,1,636
2016-W04,629,1,630
2016-W05,528,2,530
2016-W06,420,0,420
2016-W07,592,1,593
2016-W08,508,4,512
2016-W09,412,0,412
2016-W10,396,1,397
2016-W11,373,1,374
2016-W12,306,2,308
2016-W13,376,1,377
2016-W14,290,2,292
2016-W15,225,0,225
2016-W16,231,0,231
2016-W17,244,0,244
2016-W18,181,0,181
2016-W19,217,0,217
2016-W20,212,0,212
2016-W21,198,0,198
2016-W22,219,1,220
2016-W23,159,1,160
2016-W24,192,1,193
2016-W25,215,0,215
2016-W26,234,0,234
2016-W27,246,1,247
2016-W28,223,0,223
2016-W29,266,0,266
2016-W30,221,1,222
2016-W31,211,0,211
2016-W32,197,1,198
2016-W33,221,1,222
2016-W34,274,0,274
2016-W35,310,1,311
2016-W36,242,0,242
2016-W37,174,0,174
2016-W38,173,0,173
2016-W39,138,0,138
2016-W40,125,0,125
2016-W41,94,0,94
2016-W42,108,0,108
2016-W43,84,0,84
2016-W44,85,1,86
2016-W45,84,0,84
2016-W46,72,0,72
2016-W47,74,1,75
2016-W48,86,0,86
2016-W49,59,0,59
2016-W50,81,0,81
2016-W51,72,0,72
2016-W52,64,0,64
2017-W01,70,0,70
2017-W02,90,1,91
2017-W03,74,1,75
2017-W04,66,0,66
2017-W05,62,0,62
2017-W06,77,0,77
2017-W07,51,2,53
2017-W08,54,0,54
2017-W09,41,0,41
2017-W10,32,0,32
2017-W11,34,1,35
2017-W12,32,0,32
2017-W13,49,1,50
2017-W14,37,0,37
2017-W15,32,0,32
2017-W16,51,0,51
2017-W17,37,0,37
2017-W18,42,0,42
2017-W19,48,0,48
2017-W20,48,2,50
2017-W21,50,0,50
2017-W22,66,0,66
2017-W23,62,0,62
2017-W24,79,1,80
2017-W25,73,0,73
2017-W26,75,0,75
2017-W27,63,0,63
2017-W28,53,0,53
2017-W29,51,0,51
2017-W30,66,1,67
2017-W31,60,0,60
2017-W32,56,0,56
2017-W33,52,1,53
2017-W34,51,1,52
2017-W35,33,0,33
2017-W36,40,0,40
2017-W37,53,0,53
2017-W38,58,1,59
2017-W39,39,0,39
2017-W40,51,1,52
2017-W41,55,0,55
2017-W42,62,1,63
2017-W43,77,0,77
2017-W44,62,0,62
2017-W45,44,0,44
2017-W46,50,0,50
2017-W47,24,0,24
2017-W48,37,1,38
2017-W49,33,1,34
2017-W50,40,0,40
2017-W51,51,0,51
2017-W52,66,0,66
2018-W01,83,0,83
2018-W02,68,0,68
2018-W03,54,0,54
2018-W04,45,0,45
2018-W05,48,0,48
2018-W06,50,0,50
2018-W07,28,0,28
2018-W08,38,1,39
2018-W09,51,0,51
2018-W10,37,0,37
2018-W11,37,2,39
2018-W12,36,0,36
2018-W13,24,0,24
2018-W14,38,0,38
2018-W15,38,0,38
2018-W16,56,0,56
2018-W17,55,1,56
2018-W18,74,3,77
2018-W19,62,0,62
2018-W20,63,1,64
2018-W21,64,1,65
2018-W22,52,2,54
2018-W23,75,0,75
2018-W24,55,0,55
2018-W25,59,2,61
2018-W26,75,1,76
2018-W27,56,2,58
2018-W28,44,0,44
2018-W29,41,0,41
2018-W30,56,0,56
2018-W31,50,1,51
2018-W32,59,0,59
2018-W33,42,1,43
2018-W34,66,2,68
2018-W35,75,0,75
2018-W36,75,1,76
2018-W37,49,0,49
2018-W38,63,0,63
2018-W39,40,0,40
2018-W40,51,0,51
2018-W41,51,0,51
2018-W42,60,2,62
2018-W43,78,0,78
2018-W44,75,0,75
2018-W45,71,0,71
2018-W46,78,0,78
2018-W47,97,0,97
2018-W48,109,0,109
2018-W49,114,1,115
2018-W50,107,1,108
2018-W51,127,1,128
2018-W52,160,0,160
2019-W01,205,2,207
2019-W02,245,0,245
2019-W03,207,8,215
2019-W04,221,1,222
2019-W05,179,3,182
2019-W06,135,3,138
2019-W07,232,3,235
2019-W08,181,1,182
2019-W09,156,1,157
2019-W10,133,1,134
2019-W11,109,0,109
2019-W12,96,1,97
2019-W13,99,1,100
2019-W14,108,0,108
2019-W15,125,0,125
2019-W16,134,1,135
2019-W17,156,1,157
2019-W18,192,2,194
2019-W19,287,0,287
2019-W20,307,2,309
2019-W21,376,2,378
2019-W22,400,1,401
2019-W23,396,4,400
2019-W24,464,3,467
2019-W25,430,3,433
2019-W26,492,5,497
2019-W27,591,2,593
2019-W28,661,2,663
2019-W29,644,2,646
2019-W30,601,4,605
2019-W31,597,2,599
2019-W32,521,2,523
2019-W33,522,2,524
2019-W34,474,0,474
2019-W35,412,2,414
2019-W36,326,1,327
2019-W37,314,3,317
2019-W38,299,2,301
2019-W39,258,3,261
2019-W40,243,3,246
2019-W41,226,1,227
2019-W42,239,0,239
2019-W43,241,1,242
2019-W44,306,2,308
2019-W45,321,1,322
2019-W46,372,1,373
2019-W47,329,2,331
2019-W48,295,0,295
2019-W49,280,1,281
2019-W50,257,0,257
2019-W51,226,0,226
2019-W52,290,0,290
2020-W01,302,1,303
2020-W02,342,1,343
2020-W03,402,2,404
2020-W04,307,2,309
2020-W05,370,0,370
2020-W06,400,0,400
2020-W07,378,2,380
2020-W08,380,1,381
2020-W09,373,1,374
2020-W10,375,0,375
2020-W11,389,0,389
2020-W12,367,1,368
2020-W13,377,0,377
2020-W14,315,0,315
2020-W15,341,2,343
2020-W16,360,0,360
2020-W17,399,1,400
2020-W18,390,0,390
2020-W19,502,5,507
2020-W20,524,2,526
2020-W21,618,1,619
2020-W22,731,1,732
2020-W23,868,0,868
2020-W24,1151,2,1153
2020-W25,1369,2,1371
2020-W26,1460,0,1460
2020-W27,1444,4,1448
2020-W28,1665,2,1667
2020-W29,1725,4,1729
2020-W30,1791,1,1792
2020-W31,1376,2,1378
2020-W32,1667,0,1667
2020-W33,1336,3,1339
2020-W34,1285,2,1287
2020-W35,1153,1,1154
2020-W36,937,1,938
2020-W37,725,0,725
2020-W38,671,0,671
2020-W39,590,1,591
2020-W40,605,0,605
2020-W41,528,1,529
2020-W42,591,1,592
2020-W43,563,2,565
2020-W44,440,0,440
2020-W45,408,0,408
2020-W46,354,1,355
2020-W47,258,0,258
2020-W48,279,0,279
2020-W49,228,0,228
2020-W50,227,0,227
2020-W51,236,0,236
2020-W52,196,0,196
2020-W53,193,1,194
2021-W01,194,0,194
2021-W02,165,1,166
2021-W03,151,1,152
2021-W04,135,0,135
2021-W05,141,0,141
2021-W06,142,1,143
2021-W07,148,0,148
2021-W08,145,1,146
2021-W09,139,1,140
2021-W10,145,0,145
2021-W11,129,0,129
2021-W12,120,0,120
2021-W13,113,0,113
2021-W14,102,0,102
2021-W15,112,0,112
2021-W16,128,1,129
2021-W17,84,0,84
2021-W18,117,0,117
2021-W19,92,0,92
2021-W20,116,3,119
2021-W21,130,0,130
2021-W22,118,0,118
2021-W23,137,0,137
2021-W24,135,0,135
2021-W25,126,1,127
2021-W26,112,0,112
2021-W27,104,0,104
2021-W28,75,0,75
2021-W29,80,0,80
2021-W30,82,0,82
2021-W31,70,0,70
2021-W32,81,0,81
2021-W33,56,0,56
2021-W34,53,0,53
2021-W35,46,0,46
2021-W36,60,1,61
2021-W37,74,0,74
2021-W38,109,1,110
2021-W39,105,0,105
2021-W40,104,0,104
2021-W41,85,0,85
2021-W42,76,0,76
2021-W43,75,0,75
2021-W44,59,0,59
2021-W45,42,0,42
2021-W46,56,0,56
2021-W47,63,0,63
2021-W48,48,0,48
2021-W49,64,1,65
2021-W50,61,0,61
2021-W51,68,0,68
2021-W52,79,0,79
2022-W01,106,0,106
2022-W02,146,0,146
2022-W03,178,2,180
2022-W04,169,2,171
2022-W05,153,1,154
2022-W06,168,1,169
2022-W07,206,0,206
2022-W08,200,1,201
2022-W09,263,0,263
2022-W10,369,0,369
2022-W11,421,0,421
2022-W12,441,0,441
2022-W13,510,0,510
2022-W14,642,1,643
2022-W15,733,1,734
2022-W16,942,0,942
2022-W17,1002,1,1003
2022-W18,845,1,846
2022-W19,1311,4,1315
2022-W20,1273,3,1276
2022-W21,1563,4,1567
2022-W22,1451,3,1454
2022-W23,1459,1,1460
2022-W24,1253,1,1254
2022-W25,1171,1,1172
2022-W26,1186,1,1187
2022-W27,1164,0,1164
2022-W28,918,0,918
2022-W29,1035,1,1036
2022-W30,1092,0,1092
2022-W31,894,2,896
2022-W32,879,0,879
2022-W33,679,0,679
2022-W34,661,1,662
2022-W35,577,4,581
2022-W36,569,1,570
2022-W37,544,0,544
2022-W38,472,0,472
2022-W39,426,0,426
2022-W40,397,0,397
2022-W41,376,0,376
2022-W42,373,0,373
2022-W43,313,1,314
2022-W44,317,1,318
2022-W45,294,0,294
2022-W46,312,3,315
2022-W47,265,0,265
2022-W48,242,0,242
2022-W49,326,1,327
2022-W50,289,1,290
2022-W51,270,0,270
2022-W52,285,0,285
